studio_id,name
14,Sunrise
4,Bones
11,Madhouse
18,Toei Animation
36,Gallop
7,J.C.Staff
22,Nippon Animation
179,A.C.G.T.
1,Studio Pierrot
80,Trans Arts
126,Studio Comet
3,Gonzo
37,Studio Deen
6,Gainax
103,Tatsunoko Production
10,Production I.G
28,OLM
65,Tokyo Movie Shinsha
5,Bee Train
48,AIC
34,HAL Film Maker
486,Digital Frontier
27,Xebec
91,feel.
218,Zexcs
39,Daume
70,Nomad
2,Kyoto Animation
86,Group TAC
35,Seven Arcs
163,asread.
73,TMS Entertainment
75,Imagin
1383,Studio Live
63,Trinet Entertainment
94,Telecom Animation Film
43,ufotable
93,Studio Flag
114,Studio Matrix
120,TNK
44,Shaft
24,Studio Fantasia
21,Studio Ghibli
242,Ashi Productions
413,Pastel
41,Satelight
38,Arms
32,Manglobe
2319,Datama Film
77,APPP
860,Triple X
2553,Garyuu Studio
389,I-move
2363,JOF
462,Chaos Project
721,GANSIS
122,Tokyo Kids
455,Palm Studio
83,AIC Spirits
96,Yumeta Company
247,Shin-Ei Animation
291,CoMix Wave Films
177,Studio Kyuuma
457,Venet
101,Studio Hibari
2457,Studio Ranmaru
827,Amber Film Works
433,Viewworks
1873,Silver
81,Radix
207,Magic Bus
30,Ajia-do
110,Triangle Staff
1847,Square Enix Visual Works
154,E&G Films
78,Picture Magic
88,AIC ASTA
463,M.S.C
253,Rikuentai
1846,Tokyo Movie
1375,Studio Jam
155,animate Film
60,Actas
1037,Japan Vistec
318,WAO World
131,G&G Entertainment
13,Studio 4°C
1445,Arcs Create
107,Plum
8,Artland
890,Karaku
112,Brain's Base
3241,Project Team Argos
72,Artmic
2948,Nippon TV Douga
191,Eiken
434,Synergy Japan
363,Topcraft
280,Studio Junio
1724,Studio OX
1363,Marine Entertainment
1131,Zero-G Room
289,ACiD FiLM
2257,XEBEC M2
3076,No Side
3077,Axis
50,KSS
2342,PP Project
3223,Office Academy
474,Shogakukan Music & Digital Entertainment
1463,Anime Antenna Iinkai
1420,SIDO LIMITED
118,SynergySP
329,Phoenix Entertainment
171,A-Line
249,Robot Communications
405,T-Rex
1861,Animation Planet
84,Studio Rikka
894,Graphinica
1662,Creators Dot Com
176,Ginga Ya
200,Tezuka Productions
386,Animaruya
136,Vega Entertainment
1269,K-Factory
2256,Kitty Film Mitaka Studio
192,Shinkuukan
239,Y.O.U.C
429,Office AO
1759,Lyrics
175,Planet
2378,StarLink
2459,Studio Gazelle
391,Grouper Productions
3033,Studio Barcelona
49,Remic
1191,Azeta Pictures
2936,G&G Direction
1371,T.P.O
54,Mook Animation
285,Four Some
234,Oh! Production
322,Bee Media
453,Tsuburaya Productions
2416,Kent House
95,Doga Kobo
591,Romanov Films
288,Kaname Productions
1943,Idol
183,Agent 21
409,Studio Egg
381,Yamato Works
198,Gakken
420,ACC Production
2276,Project Team Sarah
68,Mushi Production
492,Horannabi
438,Studio Signal
1025,Dongwoo A&E
2550,ONIRO
256,Studio Kikan
1842,Urban Product
2775,Production Wave
229,The Answer Studio
2625,Square Pictures
246,Visual 80
2169,Studio 88
1270,Sanctuary
1361,Darts
567,D.A.S.T Corporation
2338,Studio Ten
1055,Yamamura Animation
579,AT-2
407,Studio 9 Maiami
2834,Hero
138,Himajin Planning
2318,ORADA COMPANY
2982,Ginga Teikoku
583,Annapuru
2353,P core
1437,Ishimori Entertainment
2450,C and R
1435,JCF
406,Asahi Production
1879,Dangun Pictures
481,Office Take Off
1348,Sugar Boy
1385,Blue Cat
921,Dynamic Planning
69,Front Line
1504,Studio Z5
1505,Studio March
589,Academy Productions
2282,Studio Guts
1726,Three-d
442,Minami Machi Bugyousho
1009,Aubeck
427,Studio G-1Neo
607,RAMS
1065,Public & Basic
971,Anime R
166,Movic
452,Knack Productions
89,BeSTACK
2390,Concept Films
1527,Image House
312,Life Work
475,Ishikawa Pro
1442,Mook DLE
168,Shelty
909,Studio Kelmadick
2410,Gonzino
150,Sanrio
1157,Big Bang
917,Takahashi Studio
1814,Studio Hakk
2833,Sofix
426,Filmlink International
390,Tsuchida Productions
132,P.A. Works
2358,Big Wing
761,Sunny Side Up
2320,Inugoya
1372,Soeishinsha
358,Telescreen
1678,Yuhodo
56,A-1 Pictures
137,PPM
479,DOGA Productions
2335,Shindeban Film
326,Animation 21
196,Production Reed
2947,Tokyo TV Douga
2321,Production D.M.H
1531,Flavors Soft
193,Idea Factory
2967,Digital Dream Studios
2491,Mikimoto Production
629,Studio Sign
2317,Dream Entertainment
2399,Eshoya Honpo
1479,Studio Core
2337,Studio Soul
2400,Executive Decision
2488,J.K.I
1282,Arcturus
412,Studio Wombat
59,Beat Frog
2573,Watanabe Promotion
489,TCJ
2277,Network Kouenji Studio
1952,Animation Staff Room
361,Oxybot
939,Tama Production
307,Sunwoo Entertainment
47,Khara
1476,Shochiku Animation Institute
1179,MK Pictures
1754,Meruhensha
2323,Cafe de Jeilhouse
226,Panmedia
2316,Maboroshi Koubou
2482,Atti Production
1187,Ripple Film
338,Studio Bogey
1231,OLM Digital
2331,Shura
2359,Aiko
1441,Mippei Eigeki Kiryuukan
571,Obtain Future
235,Shirogumi
1259,Studio Curtain
2328,Sonsan Kikaku
1382,Piko Studio
2362,Aiti St.
51,Diomedéa
404,Studio Unicorn
1464,Hiro Media
435,Studio Zero
281,Kokusai Eigasha
1368,Kazuki Production
3245,Teleimage
347,PrimeTime
2812,Zuiyo
231,CyberConnect2
450,Wako Production
2494,Enzo Animation
2487,Kyushu Network Animation
2490,Studio Dolphin Night
170,Imagica
422,Schoolzone
521,Anpro
1095,Studio Cockpit
2421,M&M
2574,Circus Production
2375,GAV Video
2453,Kusama Art
2329,Shinjukuza
2493,Studio B&M
2349,Potato House
2389,G.P Entertainment
276,DLE
314,White Fox
2452,Project Team Muu
258,Echo
274,Suzuki Mirano
2339,Melissa
2846,Studio Bingo
330,Kanaban Graphics
1384,CinePix
82,Marvelous Entertainment
2391,Sumomo Film
2214,Takun Manga Box
272,Studio Kajino
2347,IKK Room
315,DAX Production
1512,Dai-Ichi Douga
2333,Space-X
423,Studio Eromatick
2489,Tsubo Production
2374,Momoi Planning
999,Studio Animal
2665,AMGA
275,Kojiro Shishido Animation Works
667,AC Create
679,Soyuzmultfilm
349,Itasca Studio
299,Studio Pastoral
1239,KeyEast
1454,REALTHING
477,Kino Production
290,Kinema Citrus
2346,Alice Production
2330,Meltdown
2345,Onion Studio
395,Oz Inc.
444,Jinnis Animation Studios
2360,Amarcord
2449,Atorie A.B.C.
2348,KKC Animation Production
1374,Office TakeOut
2388,Ai Yume Mai
2352,Tryforce
2451,TEC
1575,DR Movie
2552,C&S Production
2010,Nippon Ramayana Film
1235,I was a Ballerina
292,AIC PLUS+
1352,Studio Ten Carat
255,Imagi
2461,Twenty First
2486,Blue Note
2484,Gunners
801,Nihikime no Dozeu
2397,Pink Cat
1153,Image Kei
216,Studio Tron
261,San-X
441,8bit
553,Marvy Jack
593,Egg
466,Digital Media Lab
2336,Lead
325,Code
2344,All Products
2666,EOEO System
1296,Marza Animation Planet
2270,Wise Guy
2340,Cutie Bee
287,David Production
2544,Kami Kukan
2368,Miyuki Production
2804,Seoul Movie
2520,Twilight Town
300,SILVER LINK.
3249,Sunshine Corporation
2765,Bebow
367,Heewon Entertainment
1797,NHK Enterprises
1023,Polygon Pictures
2712,Studio G7
2365,MI
398,Milky Cartoon
333,TYO Animations
3161,Triple A
343,Puzzle Animation Studio Limited
293,Picograph
309,GoHands
141,Toei Video
298,Anima
1129,Pierrot Plus
346,Hoods Entertainment
2940,Ocon Studio
377,Kuri Jikken Manga Koubou
432,Kachidoki Studio
365,PoRO
494,Studio Take Off
866,Fanworks
478,Studio Blanc.
2051,Studio Coa
471,Shanghai Animation Film Studio
354,Encourage Films
340,Future Planet
1456,Beijing Huihuang Animation Company
331,Indeprox
271,Barnum Studio
334,Ordet
557,Zyc
525,KAGAYA Studio
1061,Project Team Eikyuu Kikan
1947,Kate Arrow
1115,Studio Korumi
1133,dwarf
375,I.Toon
336,JM Animation
1436,Stingray
400,Gathering
373,Panda Factory
443,Studio PuYUKAI
1369,G-Lam
366,Tomoyasu Murata Company
397,Bridge
364,Sovat Theater
2327,Studio Boogie Nights
2334,Mouse
401,ChuChu
482,Automatic Flowers Studio
1209,Studio A-CAT
228,Daewon Media
1185,81 Produce
1419,GARDEN LODGE
473,Ascension
1927,Studio Crocodile
989,Nihon Hoso Eigasha
374,Plus Heads
1522,Echoes
1509,Studio World
1306,AIC Classic
559,Purple Cow Studio Japan
533,N&G Production
2623,Dyna Method
3163,Woodpecker
436,AIC Build
2907,Studio Placebo
1067,Rising Force
418,Studio Gokumi
3179,TV Douga
403,Tokyo Media Connections
2921,Public Enemies
563,LandQ studios
304,Primastea
419,ElectromagneticWave
1426,Studio Meditation With a Pencil
2315,Office No. 8
425,AIC Takarazuka
2596,Comma Studio
2350,Kantou Douga Kai
1979,Suna Kouhou
437,Kamikaze Douga
439,Project No.9
497,Studio Gram
1768,Sparkly Key Animation Studio
2744,Hong Ying Animation
449,Maikaze
3158,Children's Corner
456,Lerche
1193,MooGoo
1462,B&T
2508,Deck
265,Valkyria
541,Seven
2813,Iconix Entertainment
1107,Rabbit Gate
519,Collaboration Works
767,Majin
2831,uzupiyo Animation & Digital Works
601,lxtl
537,SANZIGEN
1260,Nakamura Production
565,LMD
799,indigo line
850,Kenji Studio
605,C2C
1181,RG Animation Studios
549,StudioRF Inc.
555,Studio Chizu
523,SBS TV Production
61,Frontier Works
569,MAPPA
1281,Office DCI
1053,Production IMS
67,OB Planning
1473,Odolttogi
2361,Okumaza
581,Sparky Animation
111,NHK
723,Hotline
587,Tomason
2250,Spooky graphic
896,Larx Entertainment
1365,Shueisha
430,Mad Box
1276,HS Pictures Studio
29,VAP
117,Studio Izena
1195,Creators in Pack
1291,KOO-KI
2414,MontBlanc Pictures
949,teamKG
803,Trigger
1830,Seven Stone Entertainment
805,AIC Frontier
1189,Sola Digital Arts
2341,Studio Prokion
1997,Studio KAI
2188,Marone
848,Kazami Gakuen Koushiki Douga-bu
911,Passione
1258,Bandai Namco Pictures
819,Next Media Animation
825,Fifth Avenue
2931,Buyuu
755,Jumondou
1953,W+K Tokyo
1954,Welz Animation Studios
839,LIDENFILMS
1203,Studio 1st
1109,Orange
878,An DerCen
2392,Ishibashi Planning
852,Nexus
1569,Seven Arcs Pictures
1766,Husio Studio
856,Charaction
858,Wit Studio
2551,Animation 501
1972,HOTZIPANG
898,I.Gzwei
1560,Yaoyorozu
2773,Transistor Studio
907,AYCO
1271,Assez Finaud Fabric
2013,Peak Hunt
1440,Felix Film
931,Poncotan
259,Kaeruotoko Shokai
2955,Sunny Gapen
2938,3D
957,Connect
929,Animation Do
2626,Studio D-Volt
1249,Mirai Film
1169,ILCA
1155,Studio Moriken
991,Hoso Seisaku Doga
1013,Opera House
1661,drop
1033,Studio Colorido
951,NAZ
1725,Minakata Laboratory
2395,J.C.F.
2178,Tecarat
539,Ultra Super Pictures
1173,Studio Dadashow
1075,C-Station
1087,Lay-duce
2351,Studio Gadget
2162,Maxilla
1197,Steve N' Steven
1286,10Gauge
1642,Circle Tribute
1091,Gakken Eigakyoku
1165,Tri-Slash
1099,Cyclone Graphics
1103,TROYCA
1093,BreakBottle
1111,DandeLion Animation Studio
1119,Shuka
1127,Studio 3Hz
1393,Geno Studio
1324,Shimogumi
3055,Animation Studio Wagumi
370,Iyasakadou Film
169,Fuji TV
2269,New Generation
1077,MMDGP
1936,Liberty Animation Studio
1851,Jumonji
1356,Tonko House
3238,Tsubasa Production
1237,Millepensee
1229,Pie in the sky
1263,Dynamo Pictures
1290,Pollyanna Graphics
1810,Mili Pictures
1257,A-Real
1618,Rockwell Eyes
1063,CALF
1370,Sprite Animation Studios
3212,Tochka
1325,Haoliners Animation
1266,Studio! Cucuri
1264,EMT Squared
2050,Trash Studio
1433,Ekura Animal
1248,Mirai Fusion
2393,MB planning
1244,Studio VOLN
2022,TYMOTE
831,Otogi Production
2492,Studio Jin
2299,Gift-o’-Animation
2424,Bandai Namco Filmworks
1252,Studio Binzo
2432,happyproject
1268,L²Studio
1974,ENGI
2715,Hand to Mouse.
1939,Alpha Animation
1265,Tomovies
1562,Team YokkyuFuman
1396,W-Toon Studio
3081,Fortes
753,PRA
1279,Buemon
1278,Signal.MD
1523,Studio Ponoc
1844,Shanghai Hippo Animation
1471,Platinum Vision
2509,Colored Pencil Animation
1304,Qualia Animation
1299,AXsiZ
2175,GARDEN Culture
1292,TUBA
1893,CygamesPictures
1135,FOREST Hunting One
833,Kyotoma
1300,Office Nobu
1137,SEK Studios
1005,Oddjob
1295,PINE JAM
2394,MoMo Production
1717,Onionskin
1667,Foch Film
765,Sakura Create
1961,Creatures
2454,Ryuu M's
1314,Gaina
1350,B.CMAY PICTURES
2097,HORNETS
1353,Issen
2268,Point Pictures
1381,GEMBA
1673,DMM.futureworks
1809,October Media
1320,Joker Films
2939,Studio Gale
1828,Lapin Track
1567,Nut
1362,Rabbit Machine
2514,AIC Project
1934,Saigo no Shudan
1485,Light Chaser Animation Studios
2611,Fantawild Animation
1525,Moss Design Unit
1387,Neft Film
1379,Zero-G
1380,domerica
1317,Production GoodBook
1399,asurafilm
1444,Egg Firm
1669,production doA
2281,Rocen
1487,Bouncy
1536,Namu Animation
1892,Sublimation
2513,HMCH
2888,Wang Film Productions
1489,Ripromo
1772,Wawayu Animation
2208,Taikong Works
3134,Kid+Kid Animation Studio
1514,Tengu Kobo
2503,7doc
1805,Thundray
945,Vasoon Animation
1958,YHKT Entertainment
1808,CG Year
1547,Blade
1357,Craftar Studios
1872,P.I.C.S.
2159,Composition Inc.
1746,Pops Inc.
1691,Studio UGOKI
1839,Studio Ppuri
1529,Studio M2
1774,LAN Studio
1596,Will Palette
2989,LIGHTAIR Inc.
2540,Fever Creations
1558,TOCSIS
1829,Lesprit
64,Sotsu
2305,Fukushima Gaina
1340,Typhoon Graphics
2140,Qianqi Animation
1328,Decovocal
1687,Yokohama Animation Lab
1591,Science SARU
1573,XFLAG Pictures
1593,Success Corp.
1638,Tsukimidou
1668,Karasfilms
1592,Kamio Japan
1639,Chiptune
1650,Twilight Studio
1930,Zelico Film
2818,qmotri
1762,Piso Studio
1690,Imagineer
1767,iDRAGONS Creative Studio
1407,Children's Playground Entertainment
1751,pH Studio
1705,Studio Khronos
2986,Sugata Creative & Design
1835,CloverWorks
2558,Delpic
2042,Ruo Hong Culture
1976,CGCG Studio
1812,Imagica Imageworks
472,Usagi Ou
1763,Studio Nanahoshi
1764,Picona
254,Soft Garage
1530,Emon
2541,SAMG Entertainment
1857,Geek Toys
1692,Revoroot
1722,Bibury Animation Studios
3217,Atoonz
2067,Flat Studio
2275,Drawing and Manual
1693,Studio Flad
1750,Studio CA
1967,Drive
2570,Ijigen Tokyo
2881,Andraft
3196,Rouseact
3127,INS Studio
2601,Sunflowers
2660,UKA
1421,Takara Tomy A.R.T.S
324,Directions
1980,Big Firebird Culture
1807,2:10 Animation
2034,Akatsuki
2304,TrioPen Studio
1827,Motion Magic
1770,KIZAWA Studio
1460,Coastline Animation Studio
1860,Magia Doraglier
1811,Boyan Pictures
1804,Niceboat Animation
2406,Eallin
1753,D & D Pictures
1217,HeART-BIT
884,Strawberry Meets Pictures
2311,Gyorai Eizo Inc.
1813,Studio Lings
1769,helo.inc
1882,UWAN Pictures
1910,Sega Interactive
1795,CUCURI
1796,Digital Network Animation
2919,Le-joy Animation Studio
1794,EKACHI EPILKA
1845,Guton Animation Studio
2332,Shion
2075,Taomee
1843,TriF Studio
2020,Ark
2163,Teatro Nishi Tokyo Studio
2241,Dawn Animation
2076,Fenz
2048,ASK Animation Studio
2201,Studio Palette
1838,33 Collective
1887,Brio Animation
1951,ANIDO FILM
2676,Pmats9 studio
1864,Ezόla
2037,Okuruto Noboru
1771,Pb Animation
1832,GRIZZLY
1890,Tear Studio
2239,Transcendence Picture
3052,Studio KeepFire
2191,BUILD DREAM
1876,CLAP
1871,Studio W.Baba
1837,G-angle
1866,Grom
1867,Aurum Production
2157,Production +h.
2802,Yudubai Animation
1944,Samsara Animation Studio
1853,Saetta
1171,Olive Studio
1723,Anime Beans
2460,aNCHOR
2085,Acca effe
2086,Giga Production
2183,Keica
2571,Griot Groove
2407,Flying Ship Studio
1253,Studio GOONEYS
2530,Blue bread
1800,Marui Group
1045,Space Neko Company
1793,Happy Elements
1684,THINKR
1874,Arvo Animation
1937,MAT
1854,monofilmo
1849,MASTER LIGHTS
1897,Ankama Animations
2521,Qiyuan Yinghua
1903,IMAGICA Lab.
2258,Sharefun Studio
2294,AHA Entertainment
2069,Making Animation
1881,Friendly Land
517,Asmik Ace
2055,BYMENT
2638,Yien Animation Studio
3167,Funny Flux
1932,Speed Inc.
2728,New Deer
2462,Seasun Pictures
2084,Tong Mingxuan Studio
2439,Chosen
1572,XFLAG
1836,SELFISH
2068,Ai Si Animation Studio
1945,Lide
2129,Visual Flight
2184,The Monk Studios
2779,Studio BAZOOKA
2133,Djinn Power
1949,Anon Pictures
2059,Suoyi Technology
323,Nippon Columbia
2065,Original Force
139,Nihon Ad Systems
1993,Studio Bind
2835,ROLL2
2064,Mokai Technology
1984,Bakken Record
1978,Maho Film
1995,Live2D Creative Studio
2058,Shengying Animation
2267,MMT Technology
2455,East Fish Studio
1983,Anima&Co.
144,Pony Canyon
1959,Green Monster Team
1143,TOHO animation
1975,Qubic Pictures
1970,Wolf Smoke Studio
2014,Nur
1960,StoryRiders Co. Ltd.
2564,Yamiken
1969,V-sign
2366,Kigumi
2040,Maro Studio
1301,CCTV Animation Group
1968,Studio Hokiboshi
2561,OTOIRO
3085,I&A
1747,Twin Engine
2161,Suspenders
1991,Enishiya
2033,FILMONY
979,SPEED
1973,Monster's Egg
1966,Arch
1521,Studio Elle
2053,l-a-unch・BOX
1998,Studio Signpost
2004,Sunrise Beyond
1971,Gainax Kyoto
2663,Rock'n Roll Mountain
2821,Fugaku
2023,Spoon
2266,Planet Nemo Animation
2029,Earth Design Works
2052,Wolfsbane
2080,Super Normal Studio
2877,D'ART Shtajio
2879,Grayscale Arts
2807,ABJ COMPANY
2246,studio MOTHER
2249,Flagship Line
2882,THREE IS A MAGIC NUMBER
2535,Uguisu Kobo
2143,LX Animation Studio
2079,Animation Lab Japan
2265,ARECT
2071,AQUA ARIS
2011,Yonago Gainax
2463,Cloud Art
2027,Team TillDawn
1999,Albacrow
2134,Studio CANDY BOX
2875,Blaze Studio
3042,Project Studio Q
2244,Studio Gohan
2757,Caviar
2830,Artner
2832,VROOOOM
2194,Yi Chen Animation
2525,Hurray!
2471,Wonder Cat Animation
2310,Paper Plane Animation Studio
2211,Lingsanwu Animation
2701,CMC Media
2115,Gosay Studio
2562,Studio Himalaya
2620,Manhoo Culture
2456,team Yamahitsuji
2032,WHOPPERS
2614,Chongzhuo Animation
2041,Enjin Productions
2123,foodunited.
2054,MORIE Inc.
2063,Spell Bound
2060,Wulifang
2555,Year Young Culture
2604,DC Impression Vision
2078,HIDEHOMARE
2130,Studio Shelter
2046,Dazzling Star
2047,Pancake
1465,Beijing Enlight Pictures
2061,Kaca Entertainment
2177,Mimoid
2009,Yostar Pictures
2591,Studio Pivote
2056,DRAWIZ
2057,Toho Interactive Animation
2070,Wei Chuang Jiang Xin
2073,Painting Dream
2081,JJJOY Animation Studios
2082,Benlai Pictures
2125,LICO
2126,Red Dog Culture House
1151,Sanrio Digital
2300,Studio Jemi
2091,Xanthus Media
2572,Adonero
2122,PERIMETRON
2252,Studio Kingyoiro
2114,Ether Kitten
2151,Ekakiya
2141,TANOsim
2136,Ten Tails Animation
2137,1IN
3035,Koinrush Studio
2243,Quebico
2216,CMAY Animation
2087,CEKAI
2158,Durufix
2196,Studio DURIAN
2167,Hololive Production
2164,Super Brain
2171,Paper Animation
2284,SJYNEXCUS
2303,Noovo
3022,Panda Tower Studio
2933,Hutoon Animation
2600,Cloud Hearts
1848,Dancing CG Studio
2559,Guo Pengzi Studio
1322,Creative Power Entertaining
2192,Haianxian Donghua Gongzuoshi
2206,Xuni Ying Ye
134,HoriPro
2569,Yinhe Changxing Culture
2193,ORENDA
2195,PONOS Corporation
2667,Keyring
2928,Elias
2635,Escape Velocity Animation
2682,Steamworks
2970,717 Animation Studio
2301,Borutong
2677,Central Animation Studio
2641,Locus Corporation
2538,Imagestone Inc.
2972,Cocktail Media
2746,Studio Vandal
2783,ANYZAC
2444,Hanho Heung-Up
2703,Oyster
2954,Studio Button
79,Genco
2207,Poly Animation
2204,OZ
2205,Studio Kafka
2210,Jichitai Anime
2209,Reiki Eyes Animation
2212,Tsumugi Akita Animation Lab
2213,Magma Studio
1831,Colored Pencil Animation Japan
2226,Gambit
2240,Studio Daisy
2179,FIREBUG
2322,Mousou Senka
2247,Delight Animation
2248,Indivision
2251,TthunDer Animation
2387,Ga-Crew
2472,High Energy Studio
2560,Nekonigashi Inc.
2264,5 Inc.
2298,Atelier Pontdarc
3045,Bones Film
2314,Quad
2288,Qzil.la
2563,Studio Tumble
2371,Planet Cartoon
2760,Studio Add
2296,Studio Nuck
2295,Story Effect
2313,studio hb
2854,Volca
2302,Nostalook
2325,Bibury Animation CG
2624,Village Studio
2379,Scooter Films
2356,Kung Fu Frog Animation
2405,Staple Entertainment
2848,Taiko Studios
2398,VCRWORKS
1517,Jinnan Studio
2355,Alfred Imageworks
1472,Myung Films
2528,Passion Paint Animation
2469,HM Heros
2478,Oriental Creative Color
2372,Flint Sugar
2649,LB Commerce
2401,YURUPPE Inc.
2622,Makaria
2702,HuaDream
2396,Joicy Studio
2725,CompTown
2529,Xing Yi Kai Chen
2644,Kuai Ying Hu Yu
2613,Aurora Animation
2909,Teddy
2648,Au Praxinoscope
2415,HuaMei Animation
2403,Brians Film
2409,Amineworks
2412,FUNNY MOVIE
2554,Gekkou
2977,BlueArc Animation Studios
3120,Stellar Pictures
2724,Heart & Soul Animation
2784,Medo
2413,AION Studio
2526,Shenman Entertainment
2274,Qiying Animation
2418,Imagica Digitalscape
2420,Tang Kirin Culture
2419,d00r works
2429,STUDIO6'oN
2674,BUG FILMS
3221,Miyajima Film
2437,Infinity Vision
2436,Frontier One
2438,yell
2606,Toyo Links Corporation
2656,UchuPeople
2829,EOTA
2546,Studio Sota
2527,Liber
2737,Painted Blade Studio
2729,CANON RECORDINGS
2549,StudioXD
2628,Xiaoming Taiji
2534,studio YOG
2755,Congrong Film
2934,studio2 Animation Lab
2678,Slow Studio
3195,Folium
2597,Wong Ping Animation Lab
2580,GUMBLAB
3214,Studio BETTA
2636,Qingxiang Culture
2595,TypeZero
2411,Studio Massket
2593,Angle
2598,Bigcat Studio
2605,Tonari Animation
2987,Outline
1776,Studio Mir
350,The Village of Marchen
3132,Flying Fish Studio
3070,Studio Clutch
2669,THINGS.
3251,B.COOL STUDIO
2645,Liyu Culture
2619,Quyue Technology
2762,Studio Matomo
2711,Miyu Productions
2642,E&H Production
2698,Voil
2646,trenova
2647,Studio A. Craft
2651,Stereotype
2652,Gravity Well
2474,Haneda xR Studio
2658,flag Co.
2673,Goto Inc.
2679,cogitoworks
2688,Saber Project
2686,EDP graphic works
2692,Ice Butter
2693,6pucks
2694,studio NAGURI
2695,SIGNIF
379,Avaco Creative Studios
2684,CHOCOLATE
2706,Hananona Studio
2705,TOHO animation STUDIO
2750,Hu Po Donghua
2819,soket
2820,maroyaka
2714,evg
2721,NHK Art
2748,Sankaku
3139,S.o.K
2233,Starry Cube
3073,Yasuda Genshou Studio by Xenotoon
2722,Studio Fusion
2723,Unend
2696,100studio
2749,Anime Tokyo
2767,Euluca Lab
2754,Contrail
2612,Fengyun Animation
2764,Studio HUIT
2743,Shengguang Knight Culture
3107,Hifumi
2864,Windy Studio
2992,R11R
2774,Shadow Steps
2772,Misogo Animation Studio
2761,ARCUS
2253,miHoYoAnime
3068,Manpuku Jinja
2657,NANON CREATIVE
2447,Youku
2809,PHANTOM
2752,Youliao Studio
2916,Reirs
3079,LinQ
2822,Shykeumo Animation Studio
2780,Studio Artegg
2778,Sasayuri
2781,Cloud Culture
2850,SAFEHOUSE
2785,Shikachan Studio
2945,Studio Goindol
2787,Studio Lemon
3090,MAINCONCEPT
2790,Hezmon Animation
2792,INTERFACEDOGS
2794,BUDDHA INC.
2795,Xing Xing Donghua
2824,Production HASU
3014,STUDIOK110
2810,Studio Yona
2944,Brick Studio
2883,Atelier Tuki
2844,Imagica Infos
2370,Hayabusa Film
3148,OSROCTION
2895,Team OneOne
2814,Image Studio 109
2951,Pierrot Films
2828,Studio Polon
2842,Big Pine Animation Studio
2859,924 Studio
2898,Manaa Animation
2713,Infinity Animations
2997,Million Volt
3086,ILCASHIPS
2742,Studio N
2853,ASTROBROS.
2855,Studio Moe
2857,CELAVIE
2858,Makino Production
2860,CANOPUS
2861,KWANED
2957,Particlefield
2144,BloomZ
2863,Miota
2897,MOJO Animation
2880,ORCEN
3031,Kassen
2891,A4A Inc.
3121,Happy Toon
2870,Alke
2878,Khaki
2885,Group Creato
2893,Gear Studio
2894,Konami animation
2906,Kobito
2911,Studio Eight Color
2914,Creative House Pocket
2985,Saber Works
2917,Soigne
2617,Tianshi Wenhua
3117,Jiman Wenhua
62,Shogakukan-Shueisha Productions
1938,Polygon Magic
3030,Studio Dotou
3205,Garage Film
3044,Bellnox Films
2950,studio ALBLE
2929,Studio Outrigger
2953,Flying Monkeys Production
3232,Left Pocket Studio
2983,Imageworks Studio
2969,Mainichi Eigasha
3236,Ke Yue Xue Zi
3050,Crew-Cell
2988,Shadow Pond Studio
3173,BENTEN Film
2753,Whatever
2283,Manga Productions
3013,Rhythmos
2990,Higashinaka Studio
2586,D.ROCK-ART
3002,CUEBiC
2994,Aurochs
3023,FAB
2170,Alpha Group
3150,Ziine Studio
3007,Studio Harutonari
3048,Kachigarasu
3083,Nagomi
3009,Kitchen Ltd.
3032,OutSide Directors Company
3071,Shuiniu Dongman
3036,MARK
3089,StealthWorks
3040,Durandal
3046,Tsumupapa
3049,STUDIO 8 DOGS
3091,KaKa Technology Studio
3244,Shenli Guangyin
3213,Shanghai Zhijian Network
3078,Studio LEO
3061,AOI Pro.
3062,DEFT
3066,Aeonium
3060,WonderLand
3144,Skyloong
3082,teevee graphics
3074,Kumarba
3111,Raiose
3094,animation studio42
3138,Honoo
3097,Maru Animation
3099,sugarsaltpepper
3209,IKIF+
2202,Front Wing
3157,Psyde Kick Studio
3116,ame pippin
3122,Climax Studio
3124,Yumao Wenhua
3125,G.H.Y. Culture & Media
3126,Long Zhi Gu Wenhua
3128,Guangzhou Liu Ling Yi
3129,Hei Chao Yinghua
3130,Chenghuang Yinghua
3131,Zhou Ling Wenhua
3133,Bu Keneng de Shijie
3135,Lan Ying Yingshi
3136,Tang Cai Zhaopin
3219,Nyan Pollution
3142,Kagome Company
3145,Nulls Design
3149,Pepper Conpanna
3159,NEWON
3230,Juvenage
3233,Kio Studio
3228,Shou Fan Yu Shu Gongzuoshi
3190,Studio Maybe
3197,Toon Harbor Works
3189,mico.animation
3186,studio maf
3187,Cue
3192,Studio Graph77
3194,Nichicaline
3093,Sanjie Donghua
3202,Finger and Toe
3201,ABC Animation Studio
3207,studioDOT
3250,Lychee Time Media
3234,InfiniOrange Animation Studio
3235,Origin
3180,Number 19 Animation
3231,Qingkong Qian Li
3247,bushes
3226,Studio Chromato
3237,Nothing New
3240,Soul Creative
3252,Doraku
3248,Igloo Studio
